Amble	East_Great_Britain	Amble		
Beadnell	East_Great_Britain	Beadnell		
East_Anglia	East_Great_Britain	East_Anglia		
Fens	East_Great_Britain	Fens		
Goswick	East_Great_Britain	Goswick		
Inner_Humber	East_Great_Britain	Inner_Humber		
Lincolnshire_Marshes	East_Great_Britain	Lincolnshire_Marshes		
Norfolk	East_Great_Britain	Norfolk		
Outer_Humber	East_Great_Britain	Outer_Humber		
Tees	East_Great_Britain	Tees		
Tyne	East_Great_Britain	Tyne		
Dorset	English_Channel	Dorset		
Essex	English_Channel	Essex		
Hampshire	English_Channel	Hampshire		
Kent	English_Channel	Kent		
Sussex	English_Channel	Sussex		
Thames	English_Channel	Thames		
Helsinki	Gulfs_Of_Riga_-_Finland	Helsinki		
Hiiumaa	Gulfs_Of_Riga_-_Finland	Hiiumaa		
Lahemaa	Gulfs_Of_Riga_-_Finland	Lahemaa		
Narva-Luga	Gulfs_Of_Riga_-_Finland	Narva-Luga		
Paldiski	Gulfs_Of_Riga_-_Finland	Paldiski		
Parnu	Gulfs_Of_Riga_-_Finland	Parnu		
Porvoo	Gulfs_Of_Riga_-_Finland	Porvoo		
Riga	Gulfs_Of_Riga_-_Finland	Riga		
Salo	Gulfs_Of_Riga_-_Finland	Salo		
South_Saaremaa	Gulfs_Of_Riga_-_Finland	South_Saaremaa		
St_Petersburg	Gulfs_Of_Riga_-_Finland	St_Petersburg		
Tallinn	Gulfs_Of_Riga_-_Finland	Tallinn		
Virolahti	Gulfs_Of_Riga_-_Finland	Virolahti		
Vyborgsky_District	Gulfs_Of_Riga_-_Finland	Vyborgsky_District		
West_Gulf_Of_Riga	Gulfs_Of_Riga_-_Finland	West_Gulf_Of_Riga		
Connemara	Ireland	Connemara		
County_Down	Ireland	County_Down		
Derry	Ireland	Derry		
Dublin	Ireland	Dublin		
Dundalk	Ireland	Dundalk		
East_Cork	Ireland	East_Cork		
Galway	Ireland	Galway		
Kerry	Ireland	Kerry		
Lough_Swilly	Ireland	Lough_Swilly		
North_Antrim	Ireland	North_Antrim		
North_Mayo	Ireland	North_Mayo		
Shannon	Ireland	Shannon		
Sligo	Ireland	Sligo		
South_Clare	Ireland	South_Clare		
West_Cork	Ireland	West_Cork		
West_Donegal	Ireland	West_Donegal		
Wexford	Ireland	Wexford		
Faroe_Islands	North_Atlantic_Islands	Faroe_Islands		
Shetlands	North_Atlantic_Islands	Shetlands		
Aland	North_Baltic	Aland		
Alvsbyn	North_Baltic	Alvsbyn		
Angermanland	North_Baltic	Angermanland	Ångermanland	\305ngermanland
Central_Finland	North_Baltic	Central_Finland		
Gastrikland	North_Baltic	Gastrikland		
Gunnarsbyn	North_Baltic	Gunnarsbyn		
Oulu	North_Baltic	Oulu		
Satakunta	North_Baltic	Satakunta		
South_Lapland	North_Baltic	South_Lapland		
South_Ostrobothnia	North_Baltic	South_Ostrobothnia		
Turku	North_Baltic	Turku		
Belgium	North_Sea	Belgium		
Bremerhaven	North_Sea	Bremerhaven		
Central_Netherlands	North_Sea	Central_Netherlands		
Dogger_Bank	North_Sea	Dogger_Bank		
Elbe	North_Sea	Elbe		
German_Bight	North_Sea	German_Bight		
Ho_Bugt	North_Sea	Ho_Bugt		
Langeoog	North_Sea	Langeoog		
Limfjord	North_Sea	Limfjord		
Netherlands_Wadden_Sea	North_Sea	Netherlands_Wadden_Sea		
Norderney	North_Sea	Norderney		
Oyster_Ground	North_Sea	Oyster_Ground		
Rotterdam	North_Sea	Rotterdam		
Southern_Bight	North_Sea	Southern_Bight		
Southwest_North_Sea	North_Sea	Southwest_North_Sea		
Aberdeen	Scotland	Aberdeen		
Aberdeenshire	Scotland	Aberdeenshire		
Ardyne	Scotland	Ardyne		
Arisaig	Scotland	Arisaig		
Assynt	Scotland	Assynt		
Clyde	Scotland	Clyde		
Coigach	Scotland	Coigach		
Coll	Scotland	Coll		
Dornoch_Firth	Scotland	Dornoch_Firth		
East_Lothian	Scotland	East_Lothian		
Forth_Valley	Scotland	Forth_Valley		
Islay	Scotland	Islay		
Kentra	Scotland	Kentra		
Kintail	Scotland	Kintail		
Knapdale	Scotland	Knapdale		
Lewis_and_Harris	Scotland	Lewis_and_Harris		
Montrose	Scotland	Montrose		
Moray_Firth	Scotland	Moray_Firth		
North_Skye	Scotland	North_Skye		
Orkney	Scotland	Orkney		
South_Skye	Scotland	South_Skye		
Sutherland	Scotland	Sutherland		
Tay_Valley	Scotland	Tay_Valley		
Uist	Scotland	Uist		
Wester_Ross	Scotland	Wester_Ross		
Wick	Scotland	Wick		
Asa	Skagerrak_-_Kattegat	Asa		
Bohuslan	Skagerrak_-_Kattegat	Bohuslan		
Copenhagen	Skagerrak_-_Kattegat	Copenhagen		
Goteborg	Skagerrak_-_Kattegat	Goteborg		
Halmstad	Skagerrak_-_Kattegat	Halmstad		
Kattegat	Skagerrak_-_Kattegat	Kattegat		
Kieler_Bucht	Skagerrak_-_Kattegat	Kieler_Bucht		
Laesoe	Skagerrak_-_Kattegat	Laesoe		
Lillebaelt	Skagerrak_-_Kattegat	Lillebaelt		
Samso_Belt	Skagerrak_-_Kattegat	Samso_Belt		
Storebaelt	Skagerrak_-_Kattegat	Storebaelt		
Treoa_Moellebugt	Skagerrak_-_Kattegat	Treoa_Moellebugt		
Vendsyssel_Thy	Skagerrak_-_Kattegat	Vendsyssel_Thy		
Achterwasser	South_Baltic	Achterwasser		
Arkona_Basin_East	South_Baltic	Arkona_Basin_East		
Arkona_Basin_West	South_Baltic	Arkona_Basin_West		
Baltic_South	South_Baltic	Baltic_South		
Baltic_Southwest	South_Baltic	Baltic_Southwest		
Blekinge	South_Baltic	Blekinge		
Curonian_Spit	South_Baltic	Curonian_Spit		
Fakse_Bugt	South_Baltic	Fakse_Bugt		
Havang	South_Baltic	Havang		
Lithuania	South_Baltic	Lithuania		
Lubeck	South_Baltic	Lubeck		
Ostergotland	South_Baltic	Ostergotland		
Rugen	South_Baltic	Rugen		
Salt_Meadows	South_Baltic	Salt_Meadows		
Sodermanland	South_Baltic	Sodermanland		
South_Vistula	South_Baltic	South_Vistula		
Ustka	South_Baltic	Ustka		
Ventspils	South_Baltic	Ventspils		
West_Gulf_Of_Gdansk	South_Baltic	West_Gulf_Of_Gdansk		
Aberystwyth	Southwest_Great_Britain	Aberystwyth		
Bristol_Channel	Southwest_Great_Britain	Bristol_Channel		
Central_Celtic_Sea	Southwest_Great_Britain	Central_Celtic_Sea		
Cornwall	Southwest_Great_Britain	Cornwall		
Devon	Southwest_Great_Britain	Devon		
Glamorgan	Southwest_Great_Britain	Glamorgan		
Ilfracombe	Southwest_Great_Britain	Ilfracombe		
Isles_of_Scilly	Southwest_Great_Britain	Isles_of_Scilly		
Pembrokeshire	Southwest_Great_Britain	Pembrokeshire		
Anglesey	West_Great_Britain	Anglesey		
Ayr	West_Great_Britain	Ayr		
Blackpool	West_Great_Britain	Blackpool		
Cumbria	West_Great_Britain	Cumbria		
Isle_Of_Man	West_Great_Britain	Isle_Of_Man		
Liverpool	West_Great_Britain	Liverpool		
Morecambe_Bay	West_Great_Britain	Morecambe_Bay		
Rhyl	West_Great_Britain	Rhyl		
Solway_Firth	West_Great_Britain	Solway_Firth		
West_Galloway	West_Great_Britain	West_Galloway		
